month,theta_gradient_med,theta_gradient_iqr,rh_850_med,height_diff_med,soundings
1961-01,26.71720355018607,0.0,,2151.0,1
1961-02,22.862921120760916,0.0,98.0,2212.0,1
1961-10,11.391347460141162,0.0,56.0,2292.0,1
1961-12,24.243626425342654,0.0,,2188.0,1
1962-05,13.477682618318767,2.9655796944059887,80.0,2289.5,2
1962-08,8.9634071491256,0.0,71.0,2284.0,1
1962-11,11.2122446110194,1.582227701623225,60.0,2271.0,3
1963-01,23.387268318997087,0.0,,2116.0,1
1963-04,4.725657995249094,0.0,33.0,2203.0,1
1963-10,19.594094694791863,0.0,70.0,2291.0,1
1963-11,4.369437313156311,0.0,60.0,2173.0,1
1963-12,13.343885746999604,0.0,20.0,2256.0,1
1964-01,16.95517378794409,2.564714706560835,98.0,2274.5,2
1964-05,15.099066459205176,0.0,86.0,2251.0,1
1964-10,16.3410123520909,0.0,,2268.0,1
1965-04,11.199546074946483,0.5324140299573799,86.0,2262.5,2
1966-01,15.937967558007898,3.20559655866046,82.5,2175.0,2
1966-04,15.625262627654138,0.0,100.0,2285.0,1
1966-07,3.5903216754729783,0.0,40.0,2387.0,1
1967-01,19.23337835428532,0.0,40.0,2202.0,1
1967-04,17.538381962193256,5.365544268043692,34.0,2257.5,2
1967-06,11.472696007042941,0.0,50.0,2316.0,1
1967-10,18.070134320100294,0.0,22.0,2291.0,1
1967-12,24.093092962680032,0.0,100.0,2310.0,1
1968-01,18.39355277037629,2.8418346709588036,65.5,2216.5,2
1968-04,13.453939726298529,0.0,60.0,2238.0,1
1968-09,14.44707222818937,0.0,19.0,2309.0,1
1969-01,11.92217533294189,0.0,44.0,2261.0,1
1969-04,13.862277896783496,0.0,16.0,2261.0,1
1969-10,20.12168223031034,4.911900119756012,25.5,2223.0,2
1969-11,17.01178693475015,0.0,90.0,2271.0,1
1969-12,11.373228780548118,0.0,100.0,2153.0,1
1970-03,8.960234834812354,0.0,87.0,2169.0,1
1970-04,13.54838566826723,2.011136449815268,62.0,2255.5,2
1970-08,9.597010608672406,0.0,71.0,2362.0,1
1970-09,9.213407838282933,0.0,50.0,2362.0,1
1970-10,12.10378882432667,0.0,75.0,2324.0,1
1970-11,12.559087152739949,0.0,100.0,2249.0,1
1970-12,18.19169953730966,0.334394783254254,31.0,2177.5,2
1971-03,7.487730276462855,0.0,61.0,2157.0,1
1971-05,13.972331876082421,0.0,100.0,2285.0,1
1971-06,11.45609546163746,0.4347277507063154,74.0,2327.5,2
1971-07,10.492524854281214,0.0,67.0,2348.0,1
1971-08,7.67317775421111,0.0,75.0,2343.0,1
1971-09,12.457430841187403,0.8486221106495293,65.0,2326.0,2
1971-10,15.016920194315219,1.3158892801164939,44.0,2330.0,3
1971-11,18.793688063202126,0.0,31.0,2296.0,1
1972-01,18.761810316491733,0.0,49.0,2244.0,1
1972-02,10.85119743448783,1.7809086203766071,54.5,2192.0,2
1972-03,13.039120881248891,0.0,93.0,2229.0,1
1972-04,20.555086636916116,0.36243854360120054,57.0,2257.5,2
1972-05,8.824647737429586,0.0,86.0,2318.0,1
1972-06,14.542510678233441,4.769569534752577,85.5,2280.0,2
1972-07,9.050574698541595,0.0,68.0,2382.0,1
1972-09,15.544439706864694,0.0,93.0,2333.0,1
1972-11,17.874761761598222,6.155169356742249,49.1,2289.5,3
1972-12,20.051640852412078,3.7204175351369315,67.5,2271.5,2
1973-02,10.83592023318289,0.0,96.0,2153.0,1
1973-05,2.0846840492815772,1.2901613719454872,39.0,2269.0,2
1973-07,12.273102638632622,0.0,90.0,2350.0,1
1973-08,7.398967291070335,0.0,64.0,2371.0,1
1973-10,16.365747752186564,0.0,24.0,2285.0,1
1973-11,20.012883572142925,0.0,100.0,2277.0,1
1974-01,21.445706365116962,0.0,100.0,2267.0,1
1974-03,15.254095580281614,0.0,89.0,2232.0,1
1974-04,11.920190316791121,4.595429226007724,84.0,2262.0,2
1974-10,14.977238428939813,1.6884476945585902,25.0,2289.0,3
1974-12,16.226462714378215,0.0,88.0,2204.0,1
1975-01,20.253231272422568,3.448454901203064,20.0,2216.0,3
1975-02,12.913128028594826,1.8225754019028386,37.0,2189.5,2
1975-03,14.299321499665723,2.151744831724045,71.5,2233.0,2
1975-04,7.541035063017603,3.554344058113287,43.0,2251.0,3
1975-05,8.28998587826527,0.0,88.0,2275.0,1
1975-06,14.096670548610803,0.0,83.0,2327.0,1
1975-07,10.603240505630254,0.0,78.0,2340.0,1
1975-09,11.992411500927233,0.0,92.0,2351.0,1
1975-12,9.7407325607453,1.382359484707365,56.5,2242.5,2
1976-01,22.97165175595927,1.7890434750667623,59.5,2251.5,2
1976-02,10.57731780737214,0.0,100.0,2223.0,1
1976-03,10.461308779620992,0.0,73.0,2288.0,1
1976-04,3.43860091464785,0.0,35.0,2347.0,1
1976-05,9.565794534012184,0.0,67.0,2326.0,1
1976-06,8.479140575258981,1.7926146483741547,61.0,2321.5,2
1976-07,9.451770522411891,0.0,92.0,2377.0,1
1976-08,9.311162140503086,3.006584803881964,76.0,2347.0,3
1976-10,13.89481731554423,3.0381997375362744,78.0,2283.0,3
1976-11,7.334686171537214,0.0,100.0,2163.0,1
1976-12,15.935320869806901,0.0,78.0,2223.0,1
1977-01,18.44091178729866,0.0,75.0,2060.0,1
1977-04,12.826087246296964,0.898092910840802,49.0,2289.0,2
1977-05,17.226075890833613,0.0,20.0,2273.0,1
1977-06,7.46252799440407,1.3353993267790543,78.0,2302.0,2
1977-09,12.01324489169042,3.165185098265738,55.5,2341.5,2
1977-11,24.530136565562202,0.0,96.0,2264.0,1
1977-12,14.893904865887237,0.0,36.0,2255.0,1
1978-01,13.044414257650942,0.0,54.0,2114.0,1
1978-03,16.9734285134752,0.0,90.0,2250.0,1
1978-04,20.279290016618745,0.0,19.0,2239.0,1
1978-07,10.08286333969562,2.8968616606082094,67.0,2335.0,3
1978-08,10.24503480738673,0.0,84.0,2355.0,1
1978-09,15.05144462922675,3.5025574057460176,34.0,2328.0,5
1978-10,19.747800471767732,0.0,19.0,2302.0,1
1978-11,17.56801187969677,2.837932661626297,39.0,2288.0,3
1979-01,19.783648250779663,0.0,91.0,2274.0,1
1979-02,17.071844487745494,5.865122054699754,68.0,2146.5,4
1979-04,13.818626099106552,4.0040181740994285,88.0,2296.5,2
1979-05,10.78141886964562,0.5858548624501054,48.5,2288.5,2
1979-06,14.378685030416648,0.0,61.0,2304.0,1
1979-07,7.621060265818869,0.0,64.0,2355.0,1
1979-08,11.583742494417152,2.8731187685879718,90.0,2325.5,2
1979-09,15.06057199199222,1.040092659819095,92.0,2301.0,3
1979-10,11.575743685664975,1.5480341027368922,63.0,2231.0,5
1980-01,16.285391713360212,1.4578890290947868,21.0,2222.0,2
1980-02,13.947070849874535,0.0,77.0,2131.0,1
1980-03,23.0020113684821,6.902534014833293,39.0,2145.5,2
1980-04,11.782754249195705,0.0,96.0,2282.0,1
1980-05,8.094876132819365,2.3468545771700633,80.5,2341.5,2
1980-06,5.3201053155327145,0.0,81.0,2369.0,1
1980-07,9.641324078399634,0.0,70.0,2359.0,1
1980-08,7.987731654777633,0.6043724010373808,69.0,2360.0,5
1980-09,13.625764182867442,0.0,60.0,2351.0,1
1980-10,11.041607452613022,3.222527940091055,66.0,2287.5,2
1980-11,21.771372644599808,0.0,93.0,2217.0,1
1981-01,16.73123184298285,1.5691349459660557,88.0,2171.0,4
1981-03,10.477977347995449,2.6756931709661274,71.5,2221.0,2
1981-04,16.954512115893863,0.0,92.0,2298.0,1
1981-05,8.260618773817896,0.0,54.0,2335.0,1
1981-06,11.445644754771337,0.8697863374377732,60.0,2364.5,2
1981-07,10.51692941835168,0.7929334489498103,72.0,2353.0,2
1981-08,14.773662992778469,0.3279141086897255,70.0,2328.0,2
1981-09,10.443054054089885,0.0,60.0,2298.0,1
1981-10,13.640846594085275,9.435731182783385,39.0,2277.5,4
1981-11,21.375995823243898,0.0,91.0,2248.0,1
1982-01,20.634586213605075,2.604265065408242,87.5,2202.0,4
1982-02,19.458711666316134,8.946044465396696,82.5,2221.0,4
1982-03,18.39910895983445,0.0,98.0,2203.0,1
1982-04,15.898947464682692,0.0,92.0,2113.0,1
1982-11,15.753571332484057,0.0,87.0,2286.0,1
1982-12,12.565567827304505,0.0,73.0,2304.0,1
1983-01,11.479312727545448,0.0,75.0,2225.0,1
1983-02,13.132574315142307,5.282142682022226,56.5,2231.0,2
1983-03,19.03178793427486,2.188653141780435,35.5,2233.0,2
1983-05,10.184850487273252,3.418990401712108,82.5,2315.0,4
1983-06,7.076609371838742,0.0,63.0,2329.0,1
1983-09,15.25693705856969,4.8555497860060655,42.0,2306.0,2
1983-10,10.150588865418001,3.1354871577931647,65.0,2314.0,3
1983-11,12.166357019585035,0.2820144818058168,79.5,2278.5,2
1983-12,18.761148644441448,0.0,63.0,2276.0,1
1984-01,18.49236760364073,4.710971371795722,61.0,2159.0,3
1984-02,14.425314352319873,0.7140955443111068,72.5,2250.5,2
1984-03,15.832078401097704,3.545216695347733,86.5,2250.5,2
1984-06,16.133204070571992,0.0,93.0,2339.0,1
1984-07,8.065246215315767,0.0,68.0,2338.0,1
1984-08,8.625966818676204,0.0,86.0,2363.0,1
1984-09,14.312944520845065,2.129986955854548,96.0,2327.0,3
1984-10,16.850938811159494,0.0,97.0,2314.0,1
1984-11,20.21672182136041,1.3904943393975486,19.0,2290.0,3
1985-01,14.730546100033678,0.0,33.0,2151.0,1
1985-05,15.181407514182297,0.8599973026219345,90.5,2291.5,2
1985-06,7.92847181977055,0.0,72.0,2332.0,1
1985-07,8.406520532128752,3.062273465581626,63.0,2339.0,3
1985-08,11.805504633140515,0.0,55.0,2331.0,1
1985-09,7.876354331378252,0.0,94.0,2372.0,1
1985-10,21.62282419808804,0.0,100.0,2276.0,1
1985-12,18.50268226456876,0.0,38.0,2179.0,1
1986-01,8.5443554587184,0.10846782214221662,83.5,2234.5,2
1986-02,13.945747505774023,3.9688320671377255,30.0,2136.0,5
1986-04,10.28716847087611,3.05539393202298,97.0,2227.0,2
1986-05,13.707910447757456,0.0,89.0,2255.0,1
1986-06,19.31565138629344,0.4230217227087678,69.0,2315.0,2
1986-07,11.581426642241297,0.0,62.0,2356.0,1
1986-08,10.842926533859554,0.0,88.0,2333.0,1
1986-11,17.86695774293321,0.0,95.0,2264.0,1
1986-12,22.428524206079715,0.0,22.0,2218.0,1
1987-01,23.740180640838616,5.879635549500932,89.0,2208.0,3
1987-02,11.950219093288808,0.0,19.0,2191.0,1
1987-03,12.746655692577008,0.0,67.0,2249.0,1
1987-05,11.337244955598123,0.0,71.0,2329.0,1
1987-06,11.932489993869922,0.0,81.0,2349.0,1
1987-07,8.650702218771869,0.0,67.0,2360.0,1
1987-08,13.47470509409257,3.0485824214333377,82.0,2325.0,2
1987-09,6.6546481801744335,0.0,94.0,2278.0,1
1987-11,12.78832247410324,1.0576857132999464,94.0,2287.0,2
1987-12,14.931075988999737,0.0,93.0,2213.0,1
1988-01,16.351599104894945,0.0,47.0,2110.0,1
1988-05,7.3599471977451,1.1000141668764059,76.5,2313.0,2
1988-06,6.7549131246575485,0.0,73.0,2314.0,1
1988-07,8.831128411994086,0.0,67.0,2348.0,1
1988-08,15.323670076216672,0.0,85.0,2311.0,1
1988-09,14.340589422197837,3.6858931002255133,85.0,2323.5,2
1988-11,10.709859357559736,4.184707180377785,52.0,2202.0,2
1988-12,21.003505431770748,0.0,19.0,2238.0,1
1989-01,20.05719704187021,2.358891441192668,63.5,2252.0,2
1989-02,22.907828239569454,3.6679692107195194,94.0,2240.5,2
1989-06,8.482050076516146,1.8278007553358577,87.0,2346.0,3
1989-07,10.184782464304334,0.2725562830151773,71.5,2363.5,2
1989-11,22.719666050651142,0.0,89.0,2156.0,1
1989-12,17.749305644670983,5.979135033469646,50.0,2137.0,3
1990-02,14.64653424878017,5.091237374330973,63.0,2295.0,2
1990-04,7.572303143542683,0.0,19.0,2295.0,1
1990-05,9.469431801117452,1.5557362948684101,68.0,2315.0,2
1990-06,12.93806907892548,5.41138351271627,63.0,2329.0,3
1990-07,11.479622578568325,1.4846328922888858,78.5,2359.0,2
1990-08,11.802644908604293,0.0,41.0,2349.0,1
1990-09,16.966214747844333,0.0,42.0,2321.0,1
1990-10,15.067714338607004,0.0,70.0,2332.0,1
1990-11,19.411727162424995,0.0,21.0,2226.0,1
1990-12,20.61505959601689,1.2909469581449855,66.0,2259.5,2
1991-01,15.437969971747634,0.0,92.0,2262.0,1
1991-02,24.208468949031158,0.0,42.0,2211.0,1
1991-03,12.935584394677392,0.0,93.0,2255.0,1
1991-04,10.573358600578956,5.064824478243679,53.0,2258.0,3
1991-05,5.854862420811969,0.0,72.0,2369.0,1
1991-07,12.201662074834246,0.0,95.0,2370.0,1
1991-08,10.927090582012255,2.089963904884229,79.0,2344.0,2
1991-09,13.222473061394908,0.0,57.0,2284.0,1
1991-11,10.778125175993694,2.2172042493757544,45.5,2266.5,2
1991-12,13.163459553777386,2.168754073383269,31.0,2265.0,3
1992-01,14.798970575074634,7.072877614482934,55.5,2208.0,2
1992-02,13.941777473472428,7.06338213842389,59.0,2220.0,51
1992-03,11.208342601686923,6.602328191055378,71.5,2223.0,60
1992-04,7.502676641742596,7.243409472652047,61.0,2256.0,59
1992-05,10.357735474886624,4.9564764025393515,71.0,2295.0,59
1992-06,9.881010106628992,3.6438614711896804,77.5,2320.5,58
1992-07,9.289599054720668,3.7399275817996056,75.0,2350.0,59
1992-08,11.275338432390072,3.974057420570773,73.0,2334.0,63
1992-09,13.63198204437586,7.259119544435691,74.0,2333.0,58
1992-10,13.419084455361883,6.414297408665192,58.0,2281.5,60
1992-11,15.238088683957358,7.223403171951787,76.5,2257.5,56
1992-12,16.593134103337093,8.532315523466053,78.0,2209.0,51
1993-01,18.1841583317007,6.240818771970595,70.3,2221.0,63
1993-02,15.849077805497245,9.877109665476752,58.55,2189.5,54
1993-03,13.325631021468553,6.504179669251187,74.5,2220.0,63
1993-04,10.990813308321151,5.740350511692611,63.2,2263.0,58
1993-05,8.780995939752586,3.98073752463236,62.45,2303.0,60
1993-06,11.08942407267864,4.33748847224733,72.95,2336.5,60
1993-07,9.174981394039037,3.4165771544926713,72.35,2366.0,62
1993-08,7.920006129055224,2.632571638811342,77.0,2353.0,66
1993-09,10.57003941481932,4.777903818939848,76.4,2335.0,60
1993-10,13.8016947176759,4.837363083443961,51.05,2278.5,60
1993-11,14.207454222928959,5.36600651059689,55.2,2248.0,58
1993-12,15.472023732641418,7.1156310333443145,75.75,2205.5,62
1994-01,17.36067048014101,5.692101021148446,85.0,2197.5,64
1994-02,14.321546257498312,8.539525893049813,57.400000000000006,2204.0,53
1994-03,14.27392442751983,8.400698458384767,63.6,2217.0,63
1994-04,9.703230601607686,8.081648899404485,45.9,2273.0,59
1994-05,10.744646605527294,5.135248415635942,63.650000000000006,2267.0,57
1994-06,9.40362306632096,3.858116415788629,73.2,2345.0,49
1994-07,8.923589337812132,3.1983861890766434,73.2,2357.0,63
1994-08,10.800598080283066,5.086439287494954,70.4,2344.0,61
1994-09,10.989489964220695,5.46157636716913,69.5,2312.0,61
1994-10,13.66782982338782,6.121107164384014,42.1,2282.0,62
1994-11,15.21328526089269,4.8356408803493025,44.8,2282.0,60
1994-12,15.737632459128918,7.356937230214797,37.75,2247.0,58
1995-01,15.36811959188202,7.588254962772339,,2189.0,59
1995-02,14.144691237583487,7.743318095333237,58.1,2188.5,56
1995-03,12.823508581064914,7.374895131205193,53.2,2235.0,60
1995-04,11.046171133995756,7.1493283781929335,54.95,2262.5,60
1995-05,9.879686762528422,4.875789527687971,66.3,2296.0,63
1995-06,10.346953931995472,2.5718570531755915,74.25,2337.0,66
1995-07,9.466716887691689,2.1492341894610263,,2359.0,73
1995-08,10.776125493243626,3.505666336500312,75.4,2362.0,78
1995-09,11.265617420543208,5.876594641715727,71.0,2312.5,58
1995-10,13.640184922035019,5.80933135854653,51.65,2307.0,63
1995-11,14.931737661050022,6.76278209506188,70.35,2218.0,57
1995-12,16.432947651796724,7.17277444567253,71.7,2202.0,63
1996-01,16.88626096405926,5.942797393840635,75.5,2194.0,61
1996-02,13.136875183468987,8.781459750486107,76.9,2180.0,59
1996-03,13.80447745181499,7.860947291725523,72.5,2220.0,63
1996-04,8.364522914577321,6.296210609129645,58.05,2271.0,60
1996-05,10.911907380713501,7.61858056381071,66.5,2299.0,64
1996-06,9.760505420464028,3.630866110576079,73.5,2338.0,59
1996-07,9.010231261115848,4.051571981108964,72.3,2341.0,67
1996-08,9.206265491668205,3.0052954712659385,73.65,2332.5,60
1996-09,11.00609050962612,2.698049335326843,76.0,2322.5,56
1996-10,13.62841087106841,6.160657523231407,68.0,2297.0,55
1996-11,14.888747535423278,10.53555055957274,62.5,2212.5,58
1996-12,13.722593999981115,7.225256781574473,76.0,2233.5,60
1997-01,17.205310523039543,7.900629057101014,64.0,2192.0,61
1997-02,15.7978848022114,5.418654264511304,61.0,2214.0,55
1997-03,13.74706658702064,8.552623288116934,68.9,2228.0,57
1997-04,9.887626827131498,7.819806136311456,55.85,2231.5,57
1997-05,9.251308656414722,5.503573984720461,60.6,2270.0,62
1997-06,8.613667141597375,4.253357191206476,73.0,2333.0,57
1997-07,9.957201323066613,4.597278196220486,69.0,2349.0,61
1997-08,8.337471662305859,3.500572389595362,73.0,2326.0,59
1997-09,11.306953366044382,6.317671660458473,72.45,2319.0,58
1997-10,12.700425229668042,6.214828050743478,66.15,2273.5,58
1997-11,13.028339338357739,7.348802375524656,81.5,2231.5,56
1997-12,14.882266860858692,5.744252521025203,73.2,2218.0,61
1998-01,14.964938751860984,6.984281420729133,72.5,2220.0,63
1998-02,16.97475185757571,5.728508437757057,70.9,2226.0,57
1998-03,10.541071169366035,6.036747081771637,70.05000000000001,2229.0,52
1998-04,9.118436270201983,6.217805574969589,59.0,2263.0,61
1998-05,9.345024903364191,4.965769183317462,71.7,2302.0,62
1998-06,9.529285082950025,3.6139347291454555,74.0,2338.0,61
1998-07,9.496745664189291,4.1746553325059494,73.2,2339.0,61
1998-08,10.092652374511431,3.7308002190340517,72.0,2352.0,67
1998-09,9.130074275230527,4.805086477739337,61.5,2340.0,57
1998-10,14.155005898511519,4.532530194724259,56.0,2286.0,54
1998-11,14.790662397178068,4.924433237816373,59.2,2255.5,54
1998-12,14.815728633298818,4.854031651818502,58.45,2237.0,57
1999-01,15.892330744180128,7.932506803811464,65.8,2221.0,57
1999-02,15.1310122288846,4.691792161158276,49.0,2229.0,50
1999-03,12.834290123956151,8.363035720644561,58.05,2201.5,58
1999-04,10.302776508206222,7.833000926422187,57.45,2260.0,52
1999-05,10.689882428933998,7.63815863344233,,2299.5,60
1999-06,10.618848542960393,5.234919711037833,72.5,2330.0,55
1999-07,8.045668145684203,4.558919774945537,66.3,2360.0,49
1999-08,8.915123647096806,4.917290891201603,60.6,2343.0,60
1999-09,12.136989915137576,3.405464775576263,66.0,2331.0,65
1999-10,15.044302282611852,8.192033714728524,56.2,2283.5,60
1999-11,12.067084583177348,5.643720124076012,58.3,2278.5,60
1999-12,14.65752719790919,8.000563165558901,63.5,2229.0,59
2000-01,15.915081128125053,7.318608181014326,55.9,2187.0,63
2000-02,13.69693411477914,8.071266215507478,58.5,2203.0,57
2000-03,11.231822680651021,8.148712753076637,48.05,2240.0,59
2000-04,10.627849138607814,6.345812815849058,60.5,2254.5,60
2000-05,9.473995280244424,5.207274809685089,57.9,2310.0,59
2000-06,10.089412037229124,4.1794184433857,67.3,2348.5,52
2000-07,9.52081939223467,2.801092374538939,72.55,2332.0,57
2000-08,9.853628018332358,3.715853853754183,71.5,2336.0,58
2000-09,12.529720048292575,6.538840150100555,75.0,2330.0,57
2000-10,11.662249563030741,4.465729154108288,59.0,2293.0,55
2000-11,14.912159591418401,6.9046844489966475,56.7,2233.5,56
2000-12,18.077412712653143,8.163591095387403,53.7,2170.0,53
2001-01,15.981619355684927,7.558955881293912,57.8,2203.0,55
2001-02,15.575529014406754,5.286574956876876,54.599999999999994,2208.5,56
2001-03,13.797860731312426,7.412193021435911,68.55,2202.0,64
2001-04,9.470822965931177,5.3577696214532295,62.7,2264.0,60
2001-05,9.114797073925558,7.174890868351397,63.8,2295.5,58
2001-06,9.420554447751613,4.682499380380165,75.5,2339.5,56
2001-07,10.263620368943009,5.436641537576392,70.0,2329.5,62
2001-08,8.89819226566621,3.245312335520339,75.0,2350.5,56
2001-09,11.08294339811411,5.153074910098383,77.1,2319.0,58
2001-10,11.96053375421684,6.218730060075984,59.9,2288.0,59
2001-11,13.49428316372422,4.426115411701744,53.0,2284.0,57
2001-12,13.755532277735938,6.381923407917029,66.1,2251.0,60
2002-01,14.455673964842617,5.919686801795947,45.5,2221.5,66
2002-02,14.4276302044957,9.04779817199281,40.4,2218.0,55
2002-03,13.265115865329932,6.97955232133377,59.85,2241.0,62
2002-04,11.006820204645408,7.428564765269641,59.9,2276.5,62
2002-05,10.136304172188375,3.993966326227479,63.1,2318.5,47
2002-06,8.151226466569284,5.658734512324784,67.7,2334.0,44
2002-07,9.027162642546386,3.5653884140605783,73.9,2358.0,63
2002-08,8.12351354224748,5.259854540630528,67.94999999999999,2360.5,60
2002-09,11.830240033236066,4.776118232286166,65.2,2344.0,63
2002-10,14.460695249368598,3.9090466060184212,87.0,2282.0,61
2002-11,13.548716504292429,6.558715044272901,72.4,2238.0,60
2002-12,17.594732295943146,8.026587898270549,57.7,2210.5,64
2003-01,15.739023826198405,5.274241268313631,65.6,2151.5,60
2003-02,16.716548290759107,7.958794349579236,81.4,2183.5,60
2003-03,12.706312255151317,6.392539532795695,70.0,2254.0,63
2003-04,13.196660644588349,9.467579557419242,62.1,2270.0,59
2003-05,9.894107501696055,5.978645172852424,74.0,2289.0,63
2003-06,10.396755568211859,4.380775422414644,76.0,2329.0,54
2003-07,8.643559872157084,3.6114194474725565,72.1,2346.0,62
2003-08,9.137216621845312,2.3615381293936366,77.0,2352.0,65
2003-09,12.814974867380641,4.918546212333084,75.1,2330.5,68
2003-10,11.524151823384955,4.995165659839529,72.2,2264.0,61
2003-11,14.79555691458603,6.693304994170305,65.0,2279.5,54
2003-12,16.813572897959943,6.660201298402882,54.75,2216.0,60
2004-01,17.99407914960068,6.605242331722479,74.6,2160.0,65
2004-02,16.27560267854443,7.4208921531326695,30.85,2201.0,54
2004-03,10.776660398175721,6.703191424029669,62.3,2233.5,62
2004-04,9.675322887198831,5.886845919084749,63.2,2256.0,61
2004-05,7.707040517072301,3.4557966773148507,73.7,2334.0,68
2004-06,9.948073960301087,3.3729253568155286,74.8,2328.0,61
2004-07,8.66247626973842,4.344630818862072,77.8,2344.0,63
2004-08,9.786233328635007,3.4456768064739975,67.0,2343.5,68
2004-09,12.3929456527473,3.070408320271781,86.2,2334.0,67
2004-10,14.30904251151253,5.429995444999292,70.2,2293.0,62
2004-11,14.440591553624756,6.472335934025168,63.0,2261.0,60
2004-12,15.09873562318009,5.588926575408152,64.2,2221.0,62
2005-01,18.10115560467341,8.253974249421049,73.0,2208.5,66
2005-02,16.07698978276005,5.198346876416508,54.55,2202.0,58
2005-03,12.583627762748506,7.427640280163317,70.35,2189.5,64
2005-04,10.572355266995231,6.710367782128941,50.0,2271.5,62
2005-05,9.117774598151641,6.863115062513998,64.35,2273.0,59
2005-06,9.92003019995417,3.7800082061691,74.3,2349.0,59
2005-07,9.734446676267908,2.1770445088264125,74.95,2359.0,64
2005-08,9.626640526175947,4.426047388732869,75.05,2354.5,64
2005-09,12.451543815704099,3.93563097632682,69.5,2341.0,63
2005-10,14.174846781199221,4.536169391000669,72.5,2310.0,61
2005-11,11.99869738540474,4.831738871016839,63.8,2284.5,56
2005-12,16.05814140814772,8.50361009106885,59.7,2199.5,66
2006-01,15.028032573231542,7.647417402735883,63.85,2248.0,62
2006-02,12.339640866192525,6.05840756259758,59.7,2171.5,60
2006-03,12.094398648505006,6.508811373602924,60.8,2193.0,62
2006-04,8.93734840492948,6.825350290320216,56.8,2277.0,61
2006-05,8.5290102344444,4.861436811489398,61.75,2273.5,62
2006-06,8.71062372582918,2.914454714089061,75.0,2329.0,61
2006-07,7.957440065223835,2.9507647356542748,75.0,2361.5,72
2006-08,10.90311085397309,4.649561102625313,74.05,2354.5,68
2006-09,13.061803242224784,5.577449348982256,79.8,2314.5,60
2006-10,12.661337113373804,5.905626270728135,70.7,2271.0,61
2006-11,13.188194953872994,5.711577056326462,54.9,2281.0,61
2006-12,13.896140659644686,6.927600250954015,37.7,2253.0,63
2007-01,12.811208903986198,7.714383861364411,72.5,2197.0,61
2007-02,16.242070751708297,6.980243365458563,67.75,2151.0,59
2007-03,12.802344354276727,10.74957206319003,60.3,2250.0,66
2007-04,10.512238969850785,8.49329543014079,75.0,2256.0,59
2007-05,8.334562161048723,6.530934968200924,63.0,2310.5,62
2007-06,7.462974216742936,4.3054453075242805,69.85,2335.5,60
2007-07,7.54016043361429,2.6812833719088474,67.1,2345.5,66
2007-08,8.68456498163303,5.008793320428751,67.5,2360.0,64
2007-09,11.931166649769466,5.73578683030982,72.6,2343.0,63
2007-10,13.134092449329955,5.475051529269294,69.65,2325.0,62
2007-11,13.264386170310672,7.307894661092149,70.69999999999999,2242.0,59
2007-12,18.297452648281876,7.89695584934006,71.45,2238.5,68
2008-01,14.191252536517538,8.248053212453328,62.6,2200.0,63
2008-02,14.91414460756917,10.207996658982722,68.7,2218.5,62
2008-03,12.790969162304293,7.965707894622312,63.8,2219.0,61
2008-04,9.983590903287876,5.63548787434226,68.9,2279.5,52
2008-05,8.947069416776259,5.816872564155375,54.0,2283.0,62
2008-06,6.616484548986591,2.4815125500364985,64.75,2343.0,70
2008-07,8.525701874193146,2.616746132691304,69.0,2349.0,63
2008-08,8.67028028840349,6.004703917048573,74.4,2336.0,65
2008-09,12.35028636314567,3.8959492109513434,72.6,2329.0,62
2008-10,13.410287928621472,5.718261799798057,65.5,2277.5,60
2008-11,12.786999130002755,5.801001713769267,65.8,2227.0,61
2008-12,17.570658567897738,7.881050987469365,67.35,2229.0,63
2009-01,16.675212345258046,9.826218383535561,64.1,2170.5,62
2009-02,13.032640206684363,5.85903096030944,62.15,2196.0,56
2009-03,16.24722808217234,6.807095564789165,61.25,2242.0,63
2009-04,10.065338309183772,7.994642128591138,49.9,2262.5,62
2009-05,10.316730365410649,5.230356029655127,73.6,2308.0,65
2009-06,9.597672280722634,5.104032340975834,76.9,2336.0,65
2009-07,8.065246215315767,4.008251019457049,78.7,2332.0,63
2009-08,8.942174899368325,2.8060209034312464,77.05000000000001,2351.0,68
2009-09,12.598107246065155,5.27757900063942,87.9,2317.5,60
2009-10,15.479030033318196,6.03016901216354,81.69999999999999,2289.0,60
2009-11,15.267387765435757,6.320746579728194,70.5,2266.0,60
2009-12,16.391280870270464,5.377445086128375,62.9,2201.0,65
2010-01,16.84327083843249,5.468786736752861,70.5,2176.0,63
2010-02,14.589208023105584,5.508137666103167,77.4,2170.0,62
2010-03,11.28261682494275,4.924267819803845,55.5,2240.0,61
2010-04,9.455740554713373,7.291624951711867,51.7,2274.0,61
2010-05,9.881010106628992,5.013420385370637,70.55,2318.0,65
2010-06,9.137216621845312,3.783248543451407,70.05,2355.0,65
2010-07,9.449785506261037,3.9440966670420607,70.0,2368.0,65
2010-08,9.843838983516548,3.0421017468687523,78.3,2356.0,65
2010-09,9.876446425246172,6.651141958606374,60.6,2339.0,64
2010-10,11.79637727037499,5.300728243578533,58.3,2285.0,61
2010-11,15.332534625926144,5.642167978403819,58.2,2255.0,60
2010-12,15.16560468676505,5.27069946708076,71.0,2163.0,65
2011-01,15.469707880465592,6.874227441430264,67.5,2169.0,63
2011-02,15.503570643326725,4.691797587100666,53.650000000000006,2208.0,57
2011-03,14.405804305657199,5.094345340613486,58.2,2218.0,60
2011-04,11.106686290134292,7.870600280603298,66.55,2269.0,61
2011-05,8.613667141597375,3.9563963441209467,68.3,2308.0,65
2011-06,8.831790084044371,4.184444367321646,65.0,2343.0,61
2011-07,9.286027881413276,3.57077918550614,69.5,2364.0,64
2011-08,9.077295114787972,4.998978322493699,69.8,2351.0,72
2011-09,11.043193609769617,3.337188424931526,81.5,2336.5,62
2011-10,11.81463199590604,5.488856421012173,73.35,2280.5,62
2011-11,13.767170282764425,5.731155125957997,44.5,2283.0,59
2011-12,15.636705842595603,6.206459755071734,51.5,2238.5,62
2012-01,14.788414567971188,6.278977763748458,59.6,2215.0,62
2012-02,13.243027153435264,6.905706329146483,57.2,2215.0,58
2012-03,10.112366490081058,4.813552168454635,61.4,2287.0,61
2012-04,10.42175322228158,8.140469468711899,49.7,2254.0,58
2012-05,9.417644946494505,2.796066450603007,69.15,2315.5,64
2012-06,7.8907750705457715,5.411706707983626,62.3,2327.0,63
2012-07,7.648442354115446,2.914785550114175,71.2,2366.0,67
2012-08,8.141437431753445,3.0198500832816535,75.55000000000001,2343.5,62
2012-09,10.947823182694435,6.482090957356604,74.4,2325.0,61
2012-10,14.202890541546196,4.986836015062181,72.19999999999999,2291.0,73
2012-11,15.130944205915625,6.488508248362038,33.15,2229.0,58
2012-12,15.217586129219399,9.212913152425585,66.6,2240.5,60
2013-01,17.147237986194853,8.239918357763173,61.1,2226.0,63
2013-02,16.08221513619307,9.163408340749797,71.95,2196.0,56
2013-03,12.31689048224763,7.003558026410133,73.25,2181.5,62
2013-04,10.012296335685136,6.443401700056469,53.55,2260.0,60
2013-05,9.569102894263438,4.529552670498049,59.4,2285.0,61
2013-06,9.154148003275907,4.285370983854989,66.05000000000001,2339.0,61
2013-07,9.840598646234241,2.6881288939829346,70.95,2358.5,62
2013-08,10.303963806368756,3.3446187834126277,74.5,2340.5,62
2013-09,13.265972327467267,6.420252457117471,74.65,2319.5,60
2013-10,12.682501340162077,5.1591907371533665,70.0,2306.0,62
2013-11,15.833070909173045,8.23436216830504,63.6,2237.0,59
2013-12,14.456335636892902,7.0650363185495735,67.9,2220.0,63
2014-01,16.35860540557178,8.874845161410462,52.7,2183.0,61
2014-02,17.22224190447008,7.524363423413504,60.0,2186.0,58
2014-03,13.98926325751296,9.014334268125737,48.75,2218.0,63
2014-04,12.941366579028852,7.64334997539072,45.3,2282.0,61
2014-05,7.929795163871006,6.591445868874729,61.1,2304.0,63
2014-06,10.400063928463112,3.3475282846697496,74.2,2339.0,61
2014-07,9.716191950736743,3.469356314935112,68.1,2335.0,63
2014-08,10.935718295702742,4.002398005458289,75.1,2334.0,62
2014-09,13.1625006129469,5.315674608858231,74.25,2325.0,60
2014-10,12.060137026649727,5.175066226949525,69.2,2288.0,61
2014-11,14.231527950974368,6.145015474416695,60.1,2234.0,60
2014-12,17.790104854445246,6.818071897767538,63.4,2236.0,61
2015-01,16.194915803692965,8.02625706224552,65.4,2193.5,62
2015-02,15.700198522960335,6.493733601795071,54.75,2155.5,56
2015-03,14.250775184580846,7.39748009713756,58.55,2219.0,62
2015-04,9.60131147699903,7.153629246519628,58.1,2271.5,60
2015-05,8.603216434731308,4.223663890143996,64.95,2323.0,62
2015-06,9.367775287309087,4.703001935118152,72.94999999999999,2346.0,64
2015-07,10.399402256412941,3.6337756118331868,74.2,2347.0,63
2015-08,9.631204207558682,4.605150237854559,67.15,2340.0,62
2015-09,12.195918914119545,5.060249136770764,66.0,2337.5,60
2015-10,14.686096584368386,8.276953434937582,64.5,2305.0,65
2015-11,14.313275356870179,5.7535112903187695,55.25,2279.5,60
2015-12,14.765596161057317,6.478782597105237,67.94999999999999,2287.0,61
2016-01,17.30398931036592,8.019542946699318,51.8,2186.5,68
2016-02,13.85388022903723,7.28514427714731,68.8,2202.0,58
2016-03,12.316197498689263,4.987565710081455,61.5,2263.5,62
2016-04,11.365950387995326,8.240414611800759,53.05,2275.5,60
2016-05,10.403372288714422,4.300317349134787,73.6,2290.0,61
2016-06,9.914211197439954,2.955459823565093,64.8,2336.0,59
2016-07,8.96691029946399,3.1856876530037965,67.30000000000001,2360.0,62
2016-08,10.200721337659502,3.0116787507869134,72.3,2362.5,62
2016-09,11.190681525237096,3.25605986692716,73.4,2343.0,59
2016-10,13.936484097070434,8.230790994997676,63.6,2309.0,73
2016-11,14.00983383521995,7.652311920143788,54.900000000000006,2261.0,60
2016-12,15.877384378900274,8.085414862798984,51.3,2225.0,61
2017-01,17.04968775288191,7.777083463150859,66.6,2235.0,64
2017-02,11.496244108976043,5.847825825759514,56.8,2223.0,53
2017-03,13.148250375441393,6.3083154961212955,70.3,2227.0,62
2017-04,10.467127782135265,6.59677664100721,64.8,2294.0,59
2017-05,11.16660779719166,5.472620723116393,73.0,2302.0,63
2017-06,7.757172989313801,4.741856610430716,62.1,2332.0,61
2017-07,8.387273298522217,4.384711443231666,70.45,2355.5,64
2017-08,9.334574196498153,3.8789498065517307,70.80000000000001,2339.0,60
2017-09,10.050323920934943,3.973327725551542,63.1,2327.0,77
2017-10,14.639866121459391,5.521497874226455,62.3,2321.5,60
2017-11,16.34524519744855,7.385277815102299,63.2,2245.5,56
2017-12,16.179502556450075,5.620439474608986,62.1,2207.0,61
2018-01,14.56440460004103,8.845478056963032,53.8,2191.0,61
2018-02,14.997147334596491,7.67327671743503,60.45,2239.5,50
2018-03,12.940179280866289,7.637336255600701,56.0,2183.0,59
2018-04,10.983670961706366,6.392938391789841,53.8,2240.0,55
2018-05,9.897279816009302,4.672282114495658,63.25,2332.0,61
2018-06,11.400075963912599,3.529706053061176,74.85,2341.5,58
2018-07,10.569377742769063,3.0577097841988916,71.3,2351.0,61
2018-08,9.46189039325273,3.0222268526965195,72.8,2355.5,56
2018-09,12.132426233754813,3.507417911669549,84.5,2349.0,70
2018-10,13.506057214690827,6.640360415715207,65.9,2285.0,59
2018-11,16.0157449316022,8.74293591119853,65.80000000000001,2239.0,56
2018-12,16.011181250219494,5.581881623836935,68.2,2221.5,60
2019-01,17.566094886515003,5.220168135845142,71.1,2198.0,60
2019-02,17.089301495288368,8.72315841206985,48.55,2234.0,50
2019-03,13.39203320309042,5.364814573024461,53.8,2216.0,59
2019-04,9.972877383365756,5.653708588388881,59.3,2278.0,56
2019-05,8.487606265974307,4.611499505891032,69.95,2324.0,62
2019-06,9.247932273194408,4.145356251027408,64.65,2337.5,60
2019-07,8.531520876707418,4.343969146811787,70.05000000000001,2365.0,61
2019-08,9.183447084754334,4.4680450062841714,70.6,2350.0,62
2019-09,10.774539336086946,4.865338820821876,69.30000000000001,2342.0,67
2019-10,14.383248711799467,5.350695297807405,62.6,2302.5,58
2019-11,16.72792348273157,8.671902025224867,42.7,2239.0,56
2019-12,15.394042290140078,8.235354676380354,66.4,2232.0,59
2020-01,15.736639951053519,4.336826800197059,64.8,2205.0,55
2020-02,11.925084834199055,5.141135441119317,71.9,2219.5,56
2020-03,13.264386170310672,8.028276089880649,62.65,2252.0,57
2020-04,9.52154908725393,5.426555678219941,61.1,2242.5,58
2020-05,10.659658862349175,6.446904850394887,61.6,2300.0,62
2020-06,9.054544730843077,3.8088651593572536,63.25,2331.0,57
2020-07,7.841829896466777,3.165515934290795,69.7,2366.0,59
2020-08,9.453755538562575,2.9815185677611566,75.2,2354.0,67
2020-09,13.333435040133566,4.687890151825741,72.6,2331.0,63
2020-10,13.862209873814464,4.264007327569715,66.4,2308.5,60
2020-11,14.253467686703459,3.9073244029237912,54.7,2274.0,59
2020-12,16.651401430268777,8.061808016716796,70.3,2210.5,58
2021-01,15.630556004056132,6.927269414928901,69.65,2193.0,59
2021-02,17.564839565383522,7.188713319027727,71.3,2210.0,53
2021-03,11.988246678538644,6.004241674495404,49.3,2242.0,60
2021-04,8.412212767524892,6.340193242831816,60.2,2255.5,56
2021-05,7.9799276361125635,6.274019862781557,63.55,2279.0,59
2021-06,9.795029855375503,4.045023283575404,71.3,2345.0,57
2021-07,8.313397934260479,2.1638497187157952,68.7,2354.0,59
2021-08,8.780995939752586,2.9645871863305615,68.5,2357.0,69
2021-09,11.31766688596656,4.545822379878473,67.8,2338.0,57
2021-10,11.51251381835641,5.067522889913619,76.69999999999999,2312.0,61
2021-11,13.407047591339222,5.013157572314412,,2244.5,52
2021-12,15.596625218225995,6.334802471386169,55.6,2258.5,58
2022-01,14.785903925708226,8.29140818558966,56.6,2181.5,74
2022-02,14.504813929008776,9.027791871292493,66.1,2214.5,58
2022-03,12.741498362112964,7.798709932492329,62.6,2230.0,35
2022-04,10.597752339141124,8.661582724886898,56.7,2275.0,46
2022-05,11.277323448540812,6.342805919548283,78.8,2311.0,63
2022-06,9.627302198226204,3.93480388626395,67.1,2336.5,58
2022-07,9.136554949795027,3.8262386690781796,72.75,2359.0,61
2022-08,8.872133521470118,2.5816460879914302,78.2,2349.0,61
2022-09,11.268857757825515,4.542869163946989,70.2,2328.0,71
2022-10,14.178155141450532,5.704668150693266,64.80000000000001,2283.0,62
2022-11,14.47577766058646,7.241199422564023,67.1,2279.0,57
2022-12,17.00147227382209,5.353846433197319,71.9,2221.0,58
2023-01,13.349704749513876,6.222598057923946,72.30000000000001,2227.5,62
2023-02,15.212691611811465,8.20000315140615,47.7,2243.0,58
2023-03,12.290432879057335,6.940430193555031,56.8,2222.5,62
2023-04,8.200697266760642,6.3949234079406665,54.3,2282.0,61
2023-05,10.010311319534338,4.677604862972274,66.35,2289.0,60
2023-06,8.311412918109681,4.813552168454692,66.4,2324.0,59
2023-07,8.329005971590504,2.037195194011474,71.44999999999999,2358.0,61
2023-08,10.788824029316572,4.270025759581046,71.6,2348.0,63
2023-09,11.982953302136593,6.08797409654197,73.5,2322.5,68
2023-10,10.94980819884529,4.039014785391316,76.4,2299.0,59
2023-11,14.497272723399817,6.54088854981039,51.3,2251.0,58
2023-12,13.307593536447968,4.175117575059062,73.8,2243.5,62
2024-01,15.587565878429416,6.565755356434124,81.5,2205.0,59
2024-02,15.192519893098591,6.269952435436423,44.75,2220.5,58
2024-03,14.248527355373938,6.732227692451943,58.55,2251.5,57
2024-04,9.98299725420668,6.1478615921149355,70.30000000000001,2280.0,60
2024-05,9.45309386651229,6.015154623914725,75.95,2315.0,61
2024-06,9.39548821163089,3.776237603364791,68.0,2345.0,60
2024-07,8.550437274288754,4.118083210093744,74.9,2360.0,61
2024-08,9.206265491668205,4.694370826390212,73.55,2357.0,67
2024-09,12.487391594716087,3.5936949874635786,78.3,2332.0,59
2024-10,13.139586476583531,6.46793767065499,55.05,2313.0,60
2024-11,15.385245763399666,7.195558841101956,61.900000000000006,2284.5,60
2024-12,14.557262253426188,9.185759865700504,74.35,2222.0,59
2025-01,14.849727442098072,7.587924126747282,63.8,2160.0,61
2025-02,17.071844487745466,8.383173427872919,63.949999999999996,2209.0,53
2025-03,11.320644410192614,8.133246460450891,50.6,2244.0,62
2025-04,10.747157247790312,5.9419637391485765,65.3,2297.0,59
2025-05,9.049056564353918,4.883890370893624,70.45,2304.0,56
2025-06,9.425050106165429,3.9382776645277886,73.5,2354.0,61
2025-07,9.60415295528719,2.590773450756899,80.1,2369.0,57
2025-08,11.679774593542533,4.945928300629703,75.95,2339.0,62
2025-09,9.896948979984188,4.073033032437863,72.4,2329.0,66
2025-10,14.743439426193703,5.461114124615932,62.2,2302.0,46
